model,variable,loss,dm_stat,p_value
GRU(1%200%1%100%16),trend_mulga,mse,2.875206316990468,0.0040376356808988
VAR(7),trend_mulga,mse,0.77226056373453,0.4399601175003309
