metric,VAR(2)
diff_log_rmse,0.002340884481698912
diff_log_mae,0.002027776756836495
diff_log_r2,-0.045475806882984804
diff_log_mape,345.4278569368462
diff_log_smape,130.6900279937789
restored_rmse,0.6643222694191399
restored_mae,0.538643523361762
restored_r2,-0.9382590066657304
restored_mape,0.4509135974283424
restored_smape,0.4493840830608939
