metric,VAR(3)
diff_log_rmse,0.08352446319148497
diff_log_mae,0.0647506210374224
diff_log_r2,-0.07353643541862742
diff_log_mape,99.92946205066754
diff_log_smape,176.90099812742304
restored_rmse,5.294170962164839
restored_mae,4.534626976005652
restored_r2,-0.14824109514498707
restored_mape,6.820292219154058
restored_smape,6.932319914791398
