metric,VAR(11)
diff_log_rmse,0.0022157774754924973
diff_log_mae,0.0017792449013039147
diff_log_r2,0.2620239861980228
diff_log_mape,116.09605543233683
diff_log_smape,95.71779671704896
restored_rmse,0.3439304484286476
restored_mae,0.2869585671074901
restored_r2,0.809220134926256
restored_mape,0.2497376523650068
restored_smape,0.24948331301509538
