metric,VAR(5)
diff_log_rmse,0.0023606495224903793
diff_log_mae,0.0019664230422693743
diff_log_r2,-0.06320509585390877
diff_log_mape,339.82796802948354
diff_log_smape,126.93288218445942
restored_rmse,0.6034606516169911
restored_mae,0.48388199899137047
restored_r2,-0.599381628950082
restored_mape,0.40512026807706963
restored_smape,0.4038902208249159
