metric,VAR(5)
diff_log_rmse,0.07597379163191641
diff_log_mae,0.06487707483509181
diff_log_r2,-0.0779861876273058
diff_log_mape,100.815222976353
diff_log_smape,129.03492979854698
restored_rmse,7.6889532584015985
restored_mae,6.752569677244874
restored_r2,-2.5295523707393763
restored_mape,11.387734607640915
restored_smape,10.576108686999957
