model,variable,loss,dm_stat,p_value
GRU(1%200%1%100%16),cpi,mse,5.21717406020996,1.816735231141564e-07
VAR(7),cpi,mse,1.0309404522680152,0.30256874520999055
