metric,VAR(3)
diff_log_rmse,0.0023780110689723215
diff_log_mae,0.0020370763342715654
diff_log_r2,-0.07890142267709788
diff_log_mape,356.5899260748145
diff_log_smape,129.05543621199305
restored_rmse,0.7932709029280975
restored_mae,0.670145400972365
restored_r2,-1.7637403419675257
restored_mape,0.5608812340315918
restored_smape,0.5586864521689401
