metric,VAR(5)
diff_log_rmse,0.002396760804005567
diff_log_mae,0.0017150030185198218
diff_log_r2,0.13654571848476715
diff_log_mape,83.01053315159741
diff_log_smape,77.38476433497829
restored_rmse,0.48634872533258006
restored_mae,0.3708141824671169
restored_r2,0.6185067576976924
restored_mape,0.323807191743046
restored_smape,0.322907794456858
