metric,VAR(5)
diff_log_rmse,0.002386753765108515
diff_log_mae,0.0019538762079817583
diff_log_r2,-0.08684911190960509
diff_log_mape,354.0525868090819
diff_log_smape,120.10454397669214
restored_rmse,0.7422711019724422
restored_mae,0.6056882700690321
restored_r2,-1.4197990084809065
restored_mape,0.5069056785543209
restored_smape,0.5049888726179801
