model,variable,loss,dm_stat,p_value
VAR(5),ppi,mse,2.4493063920519442,0.014313163556733732
