metric,VAR(3)
diff_log_rmse,0.002376518005679048
diff_log_mae,0.0020385817915302717
diff_log_r2,-0.07754704512128052
diff_log_mape,359.815755431242
diff_log_smape,129.06499642053342
restored_rmse,0.7868062696937693
restored_mae,0.6632448170174321
restored_r2,-1.718878574707973
restored_mape,0.5551070664758083
restored_smape,0.5529486153229983
