metric,VAR(11)
diff_log_rmse,0.002883624748815556
diff_log_mae,0.0025451339130058465
diff_log_r2,-0.5864687088452301
diff_log_mape,340.34209560123736
diff_log_smape,176.2960574553687
restored_rmse,0.7387172677970082
restored_mae,0.6315940924732312
restored_r2,-1.3966835242325009
restored_mape,0.5273580184675174
restored_smape,0.5292611058898028
