metric,VAR(2)
diff_log_rmse,0.002655115937552685
diff_log_mae,0.00197856787363563
diff_log_r2,-0.059636572190622905
diff_log_mape,98.59383348245746
diff_log_smape,85.82029221271927
restored_rmse,0.47726197175854357
restored_mae,0.3682940252201424
restored_r2,0.6326289346306222
restored_mape,0.3215762506765768
restored_smape,0.32071853286517793
