metric,VAR(2)
diff_log_rmse,0.07274367137051699
diff_log_mae,0.06372539751910848
diff_log_r2,-0.2037362428754277
diff_log_mape,122.27185511690986
diff_log_smape,197.34708629352892
restored_rmse,5.441328702440025
restored_mae,4.713953131136611
restored_r2,-0.12198956813464745
restored_mape,6.989854717225268
restored_smape,7.066106908959685
