metric,VAR(5)
diff_log_rmse,0.06874530590183822
diff_log_mae,0.0587713149470186
diff_log_r2,0.11738421304929969
diff_log_mape,91.67656227461704
diff_log_smape,144.79520646250643
restored_rmse,6.9275249822051865
restored_mae,6.045081914334202
restored_r2,-1.86511058979564
restored_mape,10.239235401712328
restored_smape,9.56741179862186
