metric,VAR(10)
diff_log_rmse,0.002392462339934926
diff_log_mae,0.0019195015097951485
diff_log_r2,0.13964006063639822
diff_log_mape,127.34133716909682
diff_log_smape,103.45445038348014
restored_rmse,0.4661490732903167
restored_mae,0.35708860126436665
restored_r2,0.6495379994261352
restored_mape,0.3119838212883239
restored_smape,0.3111582979744429
