metric,VAR(3)
diff_log_rmse,0.07128921393043232
diff_log_mae,0.062221746995833584
diff_log_r2,-0.15608177957136116
diff_log_mape,119.38132914859784
diff_log_smape,195.89854542005241
restored_rmse,5.391215664621069
restored_mae,4.715226641299967
restored_r2,-0.10141834560884355
restored_mape,7.0042814815293495
restored_smape,7.0681889148851855
