metric,VAR(10)
diff_log_rmse,0.06107085819174115
diff_log_mae,0.052081675286169714
diff_log_r2,0.30344784626485166
diff_log_mape,110.31756730843017
diff_log_smape,113.75103950167329
restored_rmse,7.35261158893731
restored_mae,6.734863289675179
restored_r2,-2.227516249419417
restored_mape,11.228616063110405
restored_smape,10.50535988785856
